Workbook

Sheet NIST CSF Profile
A1: Function | B1: Category | C1: Current Maturity (1-5) | D1: Target Maturity (1-5) | E1: Gap | F1: Priority | G1: Notes / Rationale
A2: Govern | B2: Organizational Context & Risk Strategy | C2: 2 | D2: 4 | E2: =D2-C2 -> 2 | F2: =IF(E2>=3,"High",IF(E2>=2,"Medium","Low")) -> Medium | G2: Risk appetite and cybersecurity strategy are informally understood by leadership but not formally documented or board-reviewed.
A3: Govern | B3: Roles, Responsibilities & Authorities | C3: 2 | D3: 4 | E3: =D3-C3 -> 2 | F3: =IF(E3>=3,"High",IF(E3>=2,"Medium","Low")) -> Medium | G3: Security responsibilities exist within IT and Security teams but are not formally assigned across all business units.
A4: Govern | B4: Cybersecurity Supply Chain Risk Mgmt | C4: 2 | D4: 4 | E4: =D4-C4 -> 2 | F4: =IF(E4>=3,"High",IF(E4>=2,"Medium","Low")) -> Medium | G4: Vendor risk reviews occur inconsistently; no formal third-party risk management program is in place.
A5: Identify | B5: Asset Management | C5: 3 | D5: 4 | E5: =D5-C5 -> 1 | F5: =IF(E5>=3,"High",IF(E5>=2,"Medium","Low")) -> Low | G5: Asset inventory exists (see Asset-Inventory.xlsx) but is maintained manually rather than through automated discovery.
A6: Identify | B6: Risk Assessment | C6: 3 | D6: 4 | E6: =D6-C6 -> 1 | F6: =IF(E6>=3,"High",IF(E6>=2,"Medium","Low")) -> Low | G6: Risk assessments are performed periodically (this project) but not on a continuous, scheduled cadence.
A7: Identify | B7: Improvement | C7: 2 | D7: 3 | E7: =D7-C7 -> 1 | F7: =IF(E7>=3,"High",IF(E7>=2,"Medium","Low")) -> Low | G7: Lessons learned from incidents are discussed informally but not tracked through a formal improvement process.
A8: Protect | B8: Identity Mgmt, Authentication & Access Control | C8: 3 | D8: 5 | E8: =D8-C8 -> 2 | F8: =IF(E8>=3,"High",IF(E8>=2,"Medium","Low")) -> Medium | G8: Entra ID and PAM vault are in place; MFA is not yet phishing-resistant and access reviews are not consistently quarterly.
A9: Protect | B9: Awareness & Training | C9: 2 | D9: 4 | E9: =D9-C9 -> 2 | F9: =IF(E9>=3,"High",IF(E9>=2,"Medium","Low")) -> Medium | G9: General security awareness training is required annually but lacks phishing simulations or role-based training.
A10: Protect | B10: Data Security | C10: 3 | D10: 4 | E10: =D10-C10 -> 1 | F10: =IF(E10>=3,"High",IF(E10>=2,"Medium","Low")) -> Low | G10: Data classification exists informally (see Asset-Inventory.xlsx Data Type column) but DLP tooling is not deployed.
A11: Protect | B11: Platform & Technology Infrastructure Security | C11: 3 | D11: 4 | E11: =D11-C11 -> 1 | F11: =IF(E11>=3,"High",IF(E11>=2,"Medium","Low")) -> Low | G11: Endpoints are managed via Intune; patch SLAs are not formally enforced or measured.
A12: Detect | B12: Continuous Monitoring | C12: 2 | D12: 4 | E12: =D12-C12 -> 2 | F12: =IF(E12>=3,"High",IF(E12>=2,"Medium","Low")) -> Medium | G12: A SIEM platform is deployed but detection use cases are limited; not all critical assets forward logs.
A13: Detect | B13: Adverse Event Analysis | C13: 2 | D13: 4 | E13: =D13-C13 -> 2 | F13: =IF(E13>=3,"High",IF(E13>=2,"Medium","Low")) -> Medium | G13: Security events are reviewed manually by the security team without a formal triage SLA.
... A18: Recover | B18: Incident Recovery Communication | C18: 2 | D18: 3 | E18: =D18-C18 -> 1 | F18: =IF(E18>=3,"High",IF(E18>=2,"Medium","Low")) -> Low | G18: No defined process for communicating recovery status to stakeholders during a prolonged outage.

Sheet Function Summary
A1: Average Maturity by NIST CSF Function
A3: Function | B3: Avg Current | C3: Avg Target | D3: Avg Gap
A4: Govern | B4: =AVERAGEIF('NIST CSF Profile'!A:A,A4,'NIST CSF Profile'!C:C) -> 2 | C4: =AVERAGEIF('NIST CSF Profile'!A:A,A4,'NIST CSF Profile'!D:D) -> 4 | D4: =C4-B4 -> 2
A5: Identify | B5: =AVERAGEIF('NIST CSF Profile'!A:A,A5,'NIST CSF Profile'!C:C) -> 2.6666667 | C5: =AVERAGEIF('NIST CSF Profile'!A:A,A5,'NIST CSF Profile'!D:D) -> 3.6666667 | D5: =C5-B5 -> 1
A6: Protect | B6: =AVERAGEIF('NIST CSF Profile'!A:A,A6,'NIST CSF Profile'!C:C) -> 2.75 | C6: =AVERAGEIF('NIST CSF Profile'!A:A,A6,'NIST CSF Profile'!D:D) -> 4.25 | D6: =C6-B6 -> 1.5
A7: Detect | B7: =AVERAGEIF('NIST CSF Profile'!A:A,A7,'NIST CSF Profile'!C:C) -> 2 | C7: =AVERAGEIF('NIST CSF Profile'!A:A,A7,'NIST CSF Profile'!D:D) -> 4 | D7: =C7-B7 -> 2
A8: Respond | B8: =AVERAGEIF('NIST CSF Profile'!A:A,A8,'NIST CSF Profile'!C:C) -> 2.3333333 | C8: =AVERAGEIF('NIST CSF Profile'!A:A,A8,'NIST CSF Profile'!D:D) -> 3.6666667 | D8: =C8-B8 -> 1.3333333
A9: Recover | B9: =AVERAGEIF('NIST CSF Profile'!A:A,A9,'NIST CSF Profile'!C:C) -> 2 | C9: =AVERAGEIF('NIST CSF Profile'!A:A,A9,'NIST CSF Profile'!D:D) -> 3.5 | D9: =C9-B9 -> 1.5

Sheet Legend & Notes
A1: NIST CSF 2.0 Current-vs-Target Profile — Legend & Notes
A3: Purpose: Assesses Apex Financial Services' (fictional company) current cybersecurity maturity against a target state, organized by the six NIST CSF 2.0 functions.
A5: Maturity scale (1-5), adapted from common CSF implementation-tier practice:
A6: 1 = Ad hoc / not performed
A7: 2 = Informal / inconsistent
A8: 3 = Defined but not consistently measured
A9: 4 = Managed and measured
A10: 5 = Optimized / continuously improved
A12: Column definitions:
A13: Function — One of the six NIST CSF 2.0 functions: Govern, Identify, Protect, Detect, Respond, Recover.
A14: Category — A representative category within that function.
A15: Current Maturity — Assessed current-state maturity (1-5).
... A23: Note: Apex Financial Services is a fictional company created for portfolio purposes. All maturity ratings in this file are simulated and do not represent any real organization.
